condition,F-statistic,p-value
T,14.839213974955662,2.521254471270785e-09
H,18.547164269828887,3.9950799061264434e-16
